Sequence,Score
RG,1
HG,1
NG,1
QG,1
FW,1
NY,1
FC,1
KT,1
PH,1
LR,1
QW,1
CK,1
AQ,1
MY,1
NI,1
EH,1
RS,1
HK,0
WY,0
RS,0
GG,0
KG,0
DG,0
EG,0
SG,0
TG,0
CG,0
WG,0
PG,0
AG,0
VG,0
IG,0
LG,0
MG,0
FG,0
YG,0
WA,0
SV,0
MI,0
DF,0
EA,0
YV,0
DP,0
GH,0
FF,0
AYG,1
TDG,1
TKG,1
FRG,1
GKG,1
GYG,1
SYG,1
TYG,1
QWI,1
GPM,1
QPF,1
STR,1
YQG,0
HCG,0
VMG,0
ILG,0
QYG,0
DHG,0
WNG,0
ERG,0
CLG,0
YHG,0
FTG,0
YQG,0
RVG,0
MAG,0
LDG,0
NFG,0
HRG,0
VWG,0
PSG,0
AIG,0
EHG,0
WIC,0
FGQ,0
LPV,0
YTC,0
RSM,0
HKV,0
NML,0
KET,0
VFA,0
HCY,0
YYL,0
DCL,0
ESN,0
VQI,0
IQM,0
HYR,0
NKF,0
WYL,0
RVE,0
GTF,1
TDGG,1
TGKG,1
SEPG,1
AYKG,1
FGYG,1
FKFG,1
FGRG,1
FGKG,1
YAKG,1
GMPN,1
YGTK,1
GTID,1
MPNS,1
ACAY,1
GGTD,1
GTAK,1
SYFG,1
GFAA,1
AACA,1
GPTL,1
EGMP,0
RPFW,0
IGPS,0
FPGM,0
KGDY,0
FQAY,0
GTFI,0
TDDA,0
THYK,0
DDAD,0
PGTF,0
TFIL,0
FCGG,0
AYRG,0
TDPG,0
SEGG,0
MSPG,0
QACG,0
TDDAG,1
MNSFG,1
SEMNG,1
FCGYG,1
FAYRG,1
KKKKG,1
FEGMP,1
MRPFW,1
GIGPS,1
TKGDY,1
AFQAY,1
DYGTK,1
LGTID,1
GMPNS,1
FACAY,1
GTDDA,1
GTHYK,1
DGTAK,1
TDDAD,1
DPGTF,1
GTFIL,1
RGFAA,1
FAACA,1
FGPTL,1
VDGTA,1
KEFKG,0
EGMPN,0
SFPGM,0
PGTFI,0
PSYFG,0
TGKDG,0
TPDLG,0
QACYG,0
WAAGG,0
MNSFGG,1
TDPGFG,1
TDGFFG ,1
TDFFFG,1
TIDTLG,1
AFQAYG,1
FCAYRG,1
TDGHFG,1
TDDADG,1
TFGYRG,1
TKGDYG,1
MNSFPG,1
GMNSGF,1
FCGYRG,1
THYKDG,1
TFGKDG,1
TGKADG,1
KKGGKG,1
QPGQPG,1
TIDFLG,1
KKKKKG,1
TKDADG,1
FEGMPN,1
SFEGMP,1
FGIGPS,1
GDYGTK,1
TLGTID,1
EGMPNS,1
GFACAY,1
GGTDDA,1
DGTHYK,1
ADGGTD,1
VDGTAK,1
GTDDAD,1
LDPGTF,1
GPSYFG,1
YRGFAA,1
GFAACA,1
TRKADG,0
PTLDFG,0
AMRPFW,0
NSFPGM,0
GTKGDY,0
GAFQAY,0
DPGTFI,0
PFGPTL,0
PGTFIL,0
PFGPTL,0
MPNSFEG,1
TDDADGG,1
TAKAVDG,1
FACAYRG,1
ITPGIPG,1
GPTLWPF,1
GITPVIF,1
GIGPSYF,1
MSFEGMP,1
QAMRPFW,1
YFGIGPS,1
YNSFPGM,1
NGTKGDY,1
CGDYGTK,1
HTLGTID,1
FEGMPNS,1
RGFACAY,1
DGGTDDA,1
EDGTHYK,1
DADGGTD,1
AVDGTAK,1
GGTDDAD,1
ILDPGTF,1
DPGTFIL,1
IGPSYFG,1
AYRGFAA,1
RGFAACA,1
WPFGPTL,1
TFILDPG,0
SFEGMPN,0
DGAFQAY,0
LDPGTFI,0
GITPVIP,0
GITPVIG,0
ITPVIPG,0
SEPMNFG,0
AFQYRCG,0
FAQYCRG,0
MGPNSFEG,1
FAACAYRG,1
GLPPPIFG,1
TDDADAGG,1
RDGGTDDA,1
HDADGGTD,1
EAVDGTAK,1
KWPFGPTL,1
SGGTDDAD,1
MILDPGTF,1
RDPGTFIL,1
VIGPSYFG,1
YRGFAACA,1
TDDADAAG,0
FAQYKCRG,0
FAQYACRG,0
CAYRGFAA,0
CWPFGPTL,0
TDDADAGGG,1
TDDADAAAG,1
WRDGGTDDA,1
RHDADGGTD,1
SEAVDGTAK,1
MKWPFGPTL,1
NSGGTDDAD,1
HVIGPSYFG,1
TYRGFAACA,1
QVEDGTHYK,0
CMILDPGTF,0
KRDPGTFIL,0
HCAYRGFAA,0
TDDADAGFGG,1
TDADGGKGGG,1
MGGGPNSFEG,1
AAAAAFAYRG,0
TGDADGGKGGG,1
TDDADAAAGGG,1
MGGGGMPNSFEG,1
MGGGGGPNSFEG,1
PFAGPFAGPFAG,1
FAAAAAQYACAG,0
TDDTFGGKGTDG,0
TIDFLGTIDFLG,0
AAAAAAFQYRCG,0
MGGGGGMPNSFEG,1
TDDADAAAGGGGG,1
TDAGTDAGTDAG,0
DPGTFILDGTDLG,0
MGGGGGGMPNSFEG,1
TDGDTFGGKGTDGG,0
